,scenario,fault,prediction,fault_duration,hazard_duration,faulttime(T1),hazardtime(T3),hazardendtime(T4),faultendtiome(T5)
0,17,18,1,235.0,185.0,155.0,375.0,555,385.0
1,17,18,1,235.0,190.0,155.0,360.0,545,385.0
2,17,18,1,235.0,190.0,155.0,370.0,555,385.0
3,17,18,1,235.0,180.0,155.0,380.0,555,385.0
4,17,18,1,235.0,185.0,155.0,370.0,550,385.0
5,17,18,1,235.0,190.0,155.0,350.0,535,385.0
6,17,18,1,235.0,175.0,155.0,390.0,560,385.0
7,17,18,1,235.0,175.0,155.0,405.0,575,385.0
8,17,18,1,235.0,175.0,155.0,410.0,580,385.0
9,17,18,1,235.0,170.0,155.0,420.0,585,385.0
10,17,18,1,235.0,165.0,155.0,430.0,590,385.0
11,17,18,1,235.0,175.0,155.0,395.0,565,385.0
12,17,18,1,235.0,175.0,155.0,420.0,590,385.0
13,17,18,1,235.0,190.0,155.0,400.0,585,385.0
14,17,10,1,400.0,170.0,155.0,470.0,635,550.0
15,17,10,1,400.0,165.0,155.0,470.0,630,550.0
16,17,10,1,400.0,205.0,155.0,440.0,640,550.0
17,17,10,1,400.0,170.0,155.0,480.0,645,550.0
18,17,10,1,400.0,175.0,155.0,470.0,640,550.0
19,17,10,1,400.0,170.0,155.0,455.0,620,550.0
20,17,10,1,400.0,160.0,155.0,490.0,645,550.0
21,17,10,1,400.0,150.0,155.0,490.0,635,550.0
22,17,10,1,400.0,160.0,155.0,495.0,650,550.0
23,17,10,1,400.0,150.0,155.0,515.0,660,550.0
24,17,10,1,400.0,130.0,155.0,550.0,675,550.0
25,17,10,1,400.0,140.0,155.0,495.0,630,550.0
26,17,10,1,400.0,145.0,155.0,530.0,670,550.0
27,17,10,1,400.0,175.0,155.0,500.0,670,550.0
28,17,12,1,640.0,365.0,155.0,465.0,825,790.0
29,17,12,1,640.0,355.0,155.0,470.0,820,790.0
30,17,12,1,640.0,390.0,155.0,440.0,825,790.0
31,17,12,1,640.0,360.0,155.0,480.0,835,790.0
32,17,12,1,640.0,370.0,155.0,465.0,830,790.0
33,17,12,1,640.0,265.0,155.0,460.0,720,790.0
34,17,12,1,640.0,360.0,155.0,490.0,845,790.0
35,17,12,1,640.0,245.0,155.0,490.0,730,790.0
36,17,12,1,640.0,275.0,155.0,490.0,760,790.0
37,17,12,1,640.0,335.0,155.0,510.0,840,790.0
38,17,12,1,640.0,320.0,155.0,550.0,865,790.0
39,17,12,1,640.0,200.0,155.0,495.0,690,790.0
40,17,12,1,640.0,315.0,155.0,530.0,840,790.0
41,17,12,1,640.0,345.0,155.0,500.0,840,790.0
42,17,27,1,300.0,150.0,400.0,680.0,825,695.0
43,17,27,1,300.0,150.0,400.0,675.0,820,695.0
44,17,27,1,300.0,160.0,400.0,655.0,810,695.0
45,17,27,1,300.0,150.0,400.0,680.0,825,695.0
46,17,27,1,300.0,150.0,400.0,675.0,820,695.0
47,17,27,1,300.0,155.0,400.0,670.0,820,695.0
48,17,27,1,300.0,155.0,400.0,675.0,825,695.0
49,17,27,1,300.0,190.0,400.0,715.0,900,695.0
50,17,27,1,300.0,190.0,400.0,720.0,905,695.0
51,17,27,1,300.0,185.0,400.0,725.0,905,695.0
52,17,27,1,300.0,195.0,400.0,720.0,910,695.0
53,17,27,1,300.0,190.0,400.0,715.0,900,695.0
54,17,27,1,300.0,190.0,400.0,725.0,910,695.0
55,17,27,1,300.0,210.0,400.0,700.0,905,695.0
56,17,30,1,170.0,40.0,570.0,900.0,935,735.0
57,17,30,1,170.0,45.0,570.0,895.0,935,735.0
58,17,30,1,170.0,65.0,570.0,875.0,935,735.0
59,17,30,1,170.0,35.0,570.0,910.0,940,735.0
60,17,30,1,170.0,35.0,570.0,905.0,935,735.0
61,17,30,1,170.0,45.0,570.0,890.0,930,735.0
62,17,30,1,170.0,45.0,570.0,900.0,940,735.0
63,17,11,1,450.0,220.0,155.0,465.0,680,600.0
64,17,11,1,450.0,205.0,155.0,470.0,670,600.0
65,17,11,1,450.0,240.0,155.0,440.0,675,600.0
66,17,11,1,450.0,205.0,155.0,485.0,685,600.0
67,17,11,1,450.0,210.0,155.0,465.0,670,600.0
68,17,11,1,450.0,200.0,155.0,460.0,655,600.0
69,17,11,1,450.0,195.0,155.0,495.0,685,600.0
70,17,11,1,450.0,180.0,155.0,490.0,665,600.0
71,17,11,1,450.0,195.0,155.0,495.0,685,600.0
72,17,11,1,450.0,190.0,155.0,515.0,700,600.0
73,17,11,1,450.0,170.0,155.0,545.0,710,600.0
74,17,11,1,450.0,165.0,155.0,495.0,655,600.0
75,17,11,1,450.0,185.0,155.0,525.0,705,600.0
76,17,11,1,450.0,210.0,155.0,500.0,705,600.0
77,17,19,1,555.0,460.0,155.0,370.0,825,705.0
78,17,19,1,555.0,465.0,155.0,360.0,820,705.0
79,17,19,1,555.0,460.0,155.0,370.0,825,705.0
80,17,19,1,555.0,450.0,155.0,380.0,825,705.0
81,17,19,1,555.0,455.0,155.0,370.0,820,705.0
82,17,19,1,555.0,470.0,155.0,350.0,815,705.0
83,17,19,1,555.0,425.0,155.0,390.0,810,705.0
84,17,19,1,555.0,435.0,155.0,405.0,835,705.0
85,17,19,1,555.0,435.0,155.0,410.0,840,705.0
86,17,19,1,555.0,430.0,155.0,420.0,845,705.0
87,17,19,1,555.0,425.0,155.0,430.0,850,705.0
88,17,19,1,555.0,440.0,155.0,395.0,830,705.0
89,17,19,1,555.0,430.0,155.0,420.0,845,705.0
90,17,19,1,555.0,450.0,155.0,400.0,845,705.0
91,17,9,1,215.0,25.0,155.0,475.0,495,365.0
92,17,9,1,215.0,55.0,155.0,445.0,495,365.0
93,17,9,1,215.0,10.0,155.0,495.0,500,365.0
94,17,9,1,215.0,20.0,155.0,475.0,490,365.0
95,17,9,1,215.0,5.0,155.0,505.0,505,365.0
96,17,9,1,215.0,10.0,155.0,515.0,520,365.0
97,17,35,1,370.0,165.0,445.0,725.0,885,810.0
98,17,35,1,370.0,165.0,445.0,725.0,885,810.0
99,17,35,1,370.0,180.0,445.0,710.0,885,810.0
100,17,35,1,370.0,160.0,445.0,730.0,885,810.0
101,17,35,1,370.0,165.0,445.0,725.0,885,810.0
102,17,35,1,370.0,165.0,445.0,725.0,885,810.0
103,17,35,1,370.0,165.0,445.0,725.0,885,810.0
104,17,35,1,370.0,225.0,445.0,775.0,995,810.0
105,17,35,1,370.0,225.0,445.0,775.0,995,810.0
106,17,35,1,370.0,225.0,445.0,775.0,995,810.0
107,17,35,1,370.0,230.0,445.0,770.0,995,810.0
108,17,35,1,370.0,225.0,445.0,775.0,995,810.0
109,17,35,1,370.0,220.0,445.0,780.0,995,810.0
110,17,35,1,370.0,250.0,445.0,750.0,995,810.0
111,17,36,1,525.0,240.0,445.0,725.0,960,965.0
112,17,36,1,525.0,240.0,445.0,725.0,960,965.0
113,17,36,1,525.0,255.0,445.0,710.0,960,965.0
114,17,36,1,525.0,235.0,445.0,730.0,960,965.0
115,17,36,1,525.0,240.0,445.0,725.0,960,965.0
116,17,36,1,525.0,240.0,445.0,725.0,960,965.0
117,17,36,1,525.0,235.0,445.0,730.0,960,965.0
118,17,36,1,525.0,225.0,445.0,775.0,995,965.0
119,17,36,1,525.0,225.0,445.0,775.0,995,965.0
120,17,36,1,525.0,220.0,445.0,780.0,995,965.0
121,17,36,1,525.0,230.0,445.0,770.0,995,965.0
122,17,36,1,525.0,225.0,445.0,775.0,995,965.0
123,17,36,1,525.0,220.0,445.0,780.0,995,965.0
124,17,36,1,525.0,250.0,445.0,750.0,995,965.0
125,17,40,1,265.0,15.0,670.0,985.0,995,930.0
126,17,40,1,265.0,20.0,670.0,980.0,995,930.0
127,17,40,1,265.0,30.0,670.0,970.0,995,930.0
128,17,40,1,265.0,15.0,670.0,985.0,995,930.0
129,17,40,1,265.0,15.0,670.0,985.0,995,930.0
130,17,40,1,265.0,20.0,670.0,980.0,995,930.0
131,17,40,1,265.0,15.0,670.0,985.0,995,930.0
132,17,26,1,235.0,150.0,400.0,680.0,825,630.0
133,17,26,1,235.0,155.0,400.0,675.0,825,630.0
134,17,26,1,235.0,170.0,400.0,660.0,825,630.0
135,17,26,1,235.0,155.0,400.0,680.0,830,630.0
136,17,26,1,235.0,150.0,400.0,680.0,825,630.0
137,17,26,1,235.0,150.0,400.0,675.0,820,630.0
138,17,26,1,235.0,160.0,400.0,675.0,830,630.0
139,17,26,1,235.0,125.0,400.0,720.0,840,630.0
140,17,26,1,235.0,125.0,400.0,725.0,845,630.0
141,17,26,1,235.0,125.0,400.0,730.0,850,630.0
142,17,26,1,235.0,135.0,400.0,720.0,850,630.0
143,17,26,1,235.0,135.0,400.0,710.0,840,630.0
144,17,26,1,235.0,130.0,400.0,725.0,850,630.0
145,17,26,1,235.0,150.0,400.0,700.0,845,630.0
146,17,39,1,175.0,5.0,670.0,995.0,995,840.0
147,17,32,1,395.0,90.0,570.0,870.0,955,960.0
148,17,32,1,395.0,95.0,570.0,865.0,955,960.0
149,17,32,1,395.0,100.0,570.0,860.0,955,960.0
150,17,32,1,395.0,90.0,570.0,870.0,955,960.0
151,17,32,1,395.0,90.0,570.0,870.0,955,960.0
152,17,32,1,395.0,100.0,570.0,860.0,955,960.0
153,17,32,1,395.0,90.0,570.0,870.0,955,960.0
154,17,32,1,395.0,80.0,570.0,920.0,995,960.0
155,17,32,1,395.0,85.0,570.0,915.0,995,960.0
156,17,32,1,395.0,80.0,570.0,920.0,995,960.0
157,17,32,1,395.0,85.0,570.0,915.0,995,960.0
158,17,32,1,395.0,90.0,570.0,910.0,995,960.0
159,17,32,1,395.0,80.0,570.0,920.0,995,960.0
160,17,32,1,395.0,100.0,570.0,900.0,995,960.0
161,17,34,1,245.0,155.0,445.0,730.0,880,685.0
162,17,34,1,245.0,155.0,445.0,725.0,875,685.0
163,17,34,1,245.0,175.0,445.0,710.0,880,685.0
164,17,34,1,245.0,155.0,445.0,730.0,880,685.0
165,17,34,1,245.0,160.0,445.0,725.0,880,685.0
166,17,34,1,245.0,160.0,445.0,720.0,875,685.0
167,17,34,1,245.0,155.0,445.0,730.0,880,685.0
168,17,34,1,245.0,125.0,445.0,780.0,900,685.0
169,17,34,1,245.0,130.0,445.0,775.0,900,685.0
170,17,34,1,245.0,130.0,445.0,780.0,905,685.0
171,17,34,1,245.0,135.0,445.0,775.0,905,685.0
172,17,34,1,245.0,130.0,445.0,770.0,895,685.0
173,17,34,1,245.0,130.0,445.0,780.0,905,685.0
174,17,34,1,245.0,150.0,445.0,755.0,900,685.0
175,17,28,1,445.0,210.0,400.0,675.0,880,840.0
176,17,28,1,445.0,210.0,400.0,675.0,880,840.0
177,17,28,1,445.0,230.0,400.0,655.0,880,840.0
178,17,28,1,445.0,210.0,400.0,675.0,880,840.0
179,17,28,1,445.0,205.0,400.0,680.0,880,840.0
180,17,28,1,445.0,210.0,400.0,670.0,875,840.0
181,17,28,1,445.0,210.0,400.0,675.0,880,840.0
182,17,28,1,445.0,285.0,400.0,715.0,995,840.0
183,17,28,1,445.0,280.0,400.0,720.0,995,840.0
184,17,28,1,445.0,275.0,400.0,725.0,995,840.0
185,17,28,1,445.0,280.0,400.0,720.0,995,840.0
186,17,28,1,445.0,285.0,400.0,715.0,995,840.0
187,17,28,1,445.0,275.0,400.0,725.0,995,840.0
188,17,28,1,445.0,300.0,400.0,700.0,995,840.0
189,17,31,1,270.0,130.0,570.0,870.0,995,835.0
190,17,31,1,270.0,135.0,570.0,865.0,995,835.0
191,17,31,1,270.0,145.0,570.0,855.0,995,835.0
192,17,31,1,270.0,130.0,570.0,870.0,995,835.0
193,17,31,1,270.0,125.0,570.0,865.0,985,835.0
194,17,31,1,270.0,135.0,570.0,865.0,995,835.0
195,17,31,1,270.0,130.0,570.0,870.0,995,835.0
196,17,31,1,270.0,85.0,570.0,915.0,995,835.0
197,17,31,1,270.0,80.0,570.0,920.0,995,835.0
198,17,31,1,270.0,80.0,570.0,920.0,995,835.0
199,17,31,1,270.0,80.0,570.0,920.0,995,835.0
200,17,31,1,270.0,85.0,570.0,915.0,995,835.0
201,17,31,1,270.0,75.0,570.0,925.0,995,835.0
202,17,31,1,270.0,100.0,570.0,900.0,995,835.0
203,17,20,1,765.0,630.0,155.0,370.0,995,915.0
204,17,20,1,765.0,640.0,155.0,360.0,995,915.0
205,17,20,1,765.0,630.0,155.0,370.0,995,915.0
206,17,20,1,765.0,620.0,155.0,380.0,995,915.0
207,17,20,1,765.0,630.0,155.0,370.0,995,915.0
208,17,20,1,765.0,650.0,155.0,350.0,995,915.0
209,17,20,1,765.0,610.0,155.0,390.0,995,915.0
210,17,20,1,765.0,595.0,155.0,405.0,995,915.0
211,17,20,1,765.0,590.0,155.0,410.0,995,915.0
212,17,20,1,765.0,580.0,155.0,420.0,995,915.0
213,17,20,1,765.0,565.0,155.0,435.0,995,915.0
214,17,20,1,765.0,610.0,155.0,390.0,995,915.0
215,17,20,1,765.0,575.0,155.0,425.0,995,915.0
216,17,20,1,765.0,600.0,155.0,400.0,995,915.0
217,16,4,0,570.0,15.0,275.0,885.0,895,840.0
218,15,3,1,505.0,220.0,255.0,605.0,820,755.0
219,15,3,1,505.0,210.0,255.0,600.0,805,755.0
220,15,3,1,505.0,280.0,255.0,540.0,815,755.0
221,15,3,1,505.0,225.0,255.0,610.0,830,755.0
222,15,3,1,505.0,225.0,255.0,595.0,815,755.0
223,15,3,1,505.0,175.0,255.0,585.0,755,755.0
224,15,3,1,505.0,230.0,255.0,600.0,825,755.0
225,15,3,1,505.0,180.0,255.0,625.0,800,755.0
226,15,3,1,505.0,195.0,255.0,630.0,820,755.0
227,15,3,1,505.0,200.0,255.0,635.0,830,755.0
228,15,3,1,505.0,210.0,255.0,625.0,830,755.0
229,15,3,1,505.0,150.0,255.0,615.0,760,755.0
230,15,3,1,505.0,195.0,255.0,645.0,835,755.0
231,15,3,1,505.0,240.0,255.0,575.0,810,755.0
232,15,2,1,340.0,75.0,255.0,615.0,685,590.0
233,15,2,1,340.0,70.0,255.0,605.0,670,590.0
234,15,2,1,340.0,145.0,255.0,540.0,680,590.0
235,15,2,1,340.0,80.0,255.0,620.0,695,590.0
236,15,2,1,340.0,85.0,255.0,600.0,680,590.0
237,15,2,1,340.0,80.0,255.0,590.0,665,590.0
238,15,2,1,340.0,95.0,255.0,595.0,685,590.0
239,15,2,1,340.0,70.0,255.0,625.0,690,590.0
240,15,2,1,340.0,80.0,255.0,625.0,700,590.0
241,15,2,1,340.0,75.0,255.0,640.0,710,590.0
242,15,2,1,340.0,90.0,255.0,625.0,710,590.0
243,15,2,1,340.0,70.0,255.0,620.0,685,590.0
244,15,2,1,340.0,70.0,255.0,645.0,710,590.0
245,15,2,1,340.0,130.0,255.0,575.0,700,590.0
246,15,4,1,590.0,295.0,255.0,605.0,895,840.0
247,15,4,1,590.0,280.0,255.0,610.0,885,840.0
248,15,4,1,590.0,350.0,255.0,540.0,885,840.0
249,15,4,1,590.0,290.0,255.0,615.0,900,840.0
250,15,4,1,590.0,290.0,255.0,600.0,885,840.0
251,15,4,1,590.0,205.0,255.0,590.0,790,840.0
252,15,4,1,590.0,305.0,255.0,595.0,895,840.0
253,15,4,1,590.0,200.0,255.0,625.0,820,840.0
254,15,4,1,590.0,260.0,255.0,630.0,885,840.0
255,15,4,1,590.0,260.0,255.0,635.0,890,840.0
256,15,4,1,590.0,270.0,255.0,630.0,895,840.0
257,15,4,1,590.0,150.0,255.0,620.0,765,840.0
258,15,4,1,590.0,260.0,255.0,645.0,900,840.0
259,15,4,1,590.0,285.0,255.0,575.0,855,840.0
260,12,18,1,335.0,325.0,75.0,230.0,550,405.0
261,12,18,1,335.0,325.0,75.0,225.0,545,405.0
262,12,18,1,335.0,355.0,75.0,200.0,550,405.0
263,12,18,1,335.0,330.0,75.0,230.0,555,405.0
264,12,18,1,335.0,325.0,75.0,230.0,550,405.0
265,12,18,1,335.0,320.0,75.0,225.0,540,405.0
266,12,18,1,335.0,330.0,75.0,230.0,555,405.0
267,12,18,1,335.0,300.0,75.0,265.0,560,405.0
268,12,18,1,335.0,300.0,75.0,265.0,560,405.0
269,12,18,1,335.0,305.0,75.0,265.0,565,405.0
270,12,18,1,335.0,315.0,75.0,255.0,565,405.0
271,12,18,1,335.0,295.0,75.0,265.0,555,405.0
272,12,18,1,335.0,310.0,75.0,260.0,565,405.0
273,12,18,1,335.0,350.0,75.0,215.0,560,405.0
274,12,18,1,335.0,140.0,75.0,410.0,545,405.0
275,12,18,1,335.0,120.0,75.0,415.0,530,405.0
276,12,18,1,335.0,135.0,75.0,415.0,545,405.0
277,12,18,1,335.0,130.0,75.0,415.0,540,405.0
278,12,18,1,335.0,195.0,75.0,350.0,540,405.0
279,12,18,1,335.0,150.0,75.0,400.0,545,405.0
280,12,18,1,335.0,125.0,75.0,415.0,535,405.0
281,12,6,1,185.0,135.0,505.0,780.0,910,685.0
282,12,6,1,185.0,135.0,505.0,775.0,905,685.0
283,12,6,1,185.0,145.0,505.0,765.0,905,685.0
284,12,6,1,185.0,135.0,505.0,780.0,910,685.0
285,12,6,1,185.0,130.0,505.0,780.0,905,685.0
286,12,6,1,185.0,130.0,505.0,775.0,900,685.0
287,12,6,1,185.0,135.0,505.0,780.0,910,685.0
288,12,6,1,185.0,95.0,505.0,835.0,925,685.0
289,12,6,1,185.0,105.0,505.0,830.0,930,685.0
290,12,6,1,185.0,100.0,505.0,835.0,930,685.0
291,12,6,1,185.0,100.0,505.0,835.0,930,685.0
292,12,6,1,185.0,95.0,505.0,830.0,920,685.0
293,12,6,1,185.0,105.0,505.0,835.0,935,685.0
294,12,6,1,185.0,125.0,505.0,810.0,930,685.0
295,12,8,1,415.0,225.0,505.0,775.0,995,915.0
296,12,8,1,415.0,230.0,505.0,770.0,995,915.0
297,12,8,1,415.0,235.0,505.0,765.0,995,915.0
298,12,8,1,415.0,225.0,505.0,775.0,995,915.0
299,12,8,1,415.0,225.0,505.0,775.0,995,915.0
300,12,8,1,415.0,230.0,505.0,770.0,995,915.0
301,12,8,1,415.0,225.0,505.0,775.0,995,915.0
302,12,8,1,415.0,185.0,505.0,815.0,995,915.0
303,12,8,1,415.0,180.0,505.0,820.0,995,915.0
304,12,8,1,415.0,185.0,505.0,815.0,995,915.0
305,12,8,1,415.0,185.0,505.0,815.0,995,915.0
306,12,8,1,415.0,185.0,505.0,815.0,995,915.0
307,12,8,1,415.0,185.0,505.0,815.0,995,915.0
308,12,8,1,415.0,200.0,505.0,800.0,995,915.0
309,12,10,1,215.0,320.0,200.0,385.0,700,410.0
310,12,10,1,215.0,320.0,200.0,385.0,700,410.0
311,12,10,1,215.0,325.0,200.0,380.0,700,410.0
312,12,10,1,215.0,325.0,200.0,385.0,705,410.0
313,12,10,1,215.0,320.0,200.0,385.0,700,410.0
314,12,10,1,215.0,320.0,200.0,380.0,695,410.0
315,12,10,1,215.0,320.0,200.0,390.0,705,410.0
316,12,10,1,215.0,310.0,200.0,405.0,710,410.0
317,12,10,1,215.0,305.0,200.0,410.0,710,410.0
318,12,10,1,215.0,310.0,200.0,410.0,715,410.0
319,12,10,1,215.0,260.0,200.0,420.0,675,410.0
320,12,10,1,215.0,310.0,200.0,400.0,705,410.0
321,12,10,1,215.0,265.0,200.0,415.0,675,410.0
322,12,10,1,215.0,275.0,200.0,405.0,675,410.0
323,12,12,1,670.0,615.0,200.0,385.0,995,865.0
324,12,12,1,670.0,615.0,200.0,385.0,995,865.0
325,12,12,1,670.0,625.0,200.0,375.0,995,865.0
326,12,12,1,670.0,615.0,200.0,385.0,995,865.0
327,12,12,1,670.0,615.0,200.0,385.0,995,865.0
328,12,12,1,670.0,620.0,200.0,380.0,995,865.0
329,12,12,1,670.0,610.0,200.0,390.0,995,865.0
330,12,12,1,670.0,595.0,200.0,405.0,995,865.0
331,12,12,1,670.0,590.0,200.0,410.0,995,865.0
332,12,12,1,670.0,590.0,200.0,410.0,995,865.0
333,12,12,1,670.0,580.0,200.0,420.0,995,865.0
334,12,12,1,670.0,600.0,200.0,400.0,995,865.0
335,12,12,1,670.0,585.0,200.0,415.0,995,865.0
336,12,12,1,670.0,595.0,200.0,405.0,995,865.0
337,12,12,1,670.0,140.0,200.0,815.0,950,865.0
338,12,12,1,670.0,135.0,200.0,795.0,925,865.0
339,12,12,1,670.0,145.0,200.0,805.0,945,865.0
340,12,12,1,670.0,140.0,200.0,805.0,940,865.0
341,12,12,1,670.0,190.0,200.0,765.0,950,865.0
342,12,12,1,670.0,145.0,200.0,810.0,950,865.0
343,12,12,1,670.0,140.0,200.0,800.0,935,865.0
344,12,7,1,350.0,225.0,505.0,775.0,995,850.0
345,12,7,1,350.0,225.0,505.0,775.0,995,850.0
346,12,7,1,350.0,235.0,505.0,765.0,995,850.0
347,12,7,1,350.0,220.0,505.0,780.0,995,850.0
348,12,7,1,350.0,230.0,505.0,770.0,995,850.0
349,12,7,1,350.0,230.0,505.0,770.0,995,850.0
350,12,7,1,350.0,225.0,505.0,775.0,995,850.0
351,12,7,1,350.0,185.0,505.0,815.0,995,850.0
352,12,7,1,350.0,180.0,505.0,820.0,995,850.0
353,12,7,1,350.0,180.0,505.0,820.0,995,850.0
354,12,7,1,350.0,185.0,505.0,815.0,995,850.0
355,12,7,1,350.0,185.0,505.0,815.0,995,850.0
356,12,7,1,350.0,180.0,505.0,820.0,995,850.0
357,12,7,1,350.0,200.0,505.0,800.0,995,850.0
358,12,3,1,255.0,230.0,500.0,770.0,995,750.0
359,12,3,1,255.0,230.0,500.0,770.0,995,750.0
360,12,3,1,255.0,240.0,500.0,760.0,995,750.0
361,12,3,1,255.0,230.0,500.0,770.0,995,750.0
362,12,3,1,255.0,230.0,500.0,770.0,995,750.0
363,12,3,1,255.0,235.0,500.0,765.0,995,750.0
364,12,3,1,255.0,230.0,500.0,770.0,995,750.0
365,12,3,1,255.0,190.0,500.0,810.0,995,750.0
366,12,3,1,255.0,185.0,500.0,815.0,995,750.0
367,12,3,1,255.0,180.0,500.0,820.0,995,750.0
368,12,3,1,255.0,190.0,500.0,810.0,995,750.0
369,12,3,1,255.0,190.0,500.0,810.0,995,750.0
370,12,3,1,255.0,190.0,500.0,810.0,995,750.0
371,12,3,1,255.0,205.0,500.0,795.0,995,750.0
372,12,11,1,500.0,290.0,200.0,385.0,670,695.0
373,12,11,1,500.0,285.0,200.0,385.0,665,695.0
374,12,11,1,500.0,300.0,200.0,375.0,670,695.0
375,12,11,1,500.0,290.0,200.0,385.0,670,695.0
376,12,11,1,500.0,285.0,200.0,385.0,665,695.0
377,12,11,1,500.0,310.0,200.0,380.0,685,695.0
378,12,11,1,500.0,285.0,200.0,390.0,670,695.0
379,12,11,1,500.0,275.0,200.0,405.0,675,695.0
380,12,11,1,500.0,275.0,200.0,410.0,680,695.0
381,12,11,1,500.0,275.0,200.0,415.0,685,695.0
382,12,11,1,500.0,270.0,200.0,420.0,685,695.0
383,12,11,1,500.0,275.0,200.0,405.0,675,695.0
384,12,11,1,500.0,275.0,200.0,415.0,685,695.0
385,12,11,1,500.0,285.0,200.0,405.0,685,695.0
386,12,11,1,500.0,35.0,200.0,765.0,795,695.0
387,12,19,1,535.0,310.0,75.0,230.0,535,605.0
388,12,19,1,535.0,310.0,75.0,225.0,530,605.0
389,12,19,1,535.0,335.0,75.0,205.0,535,605.0
390,12,19,1,535.0,310.0,75.0,230.0,535,605.0
391,12,19,1,535.0,305.0,75.0,230.0,530,605.0
392,12,19,1,535.0,305.0,75.0,225.0,525,605.0
393,12,19,1,535.0,310.0,75.0,230.0,535,605.0
394,12,19,1,535.0,285.0,75.0,265.0,545,605.0
395,12,19,1,535.0,285.0,75.0,265.0,545,605.0
396,12,19,1,535.0,285.0,75.0,265.0,545,605.0
397,12,19,1,535.0,295.0,75.0,255.0,545,605.0
398,12,19,1,535.0,280.0,75.0,265.0,540,605.0
399,12,19,1,535.0,290.0,75.0,260.0,545,605.0
400,12,19,1,535.0,335.0,75.0,215.0,545,605.0
401,12,19,1,535.0,315.0,75.0,410.0,720,605.0
402,12,19,1,535.0,300.0,75.0,415.0,710,605.0
403,12,19,1,535.0,310.0,75.0,415.0,720,605.0
404,12,19,1,535.0,310.0,75.0,415.0,720,605.0
405,12,19,1,535.0,370.0,75.0,350.0,715,605.0
406,12,19,1,535.0,325.0,75.0,400.0,720,605.0
407,12,19,1,535.0,305.0,75.0,415.0,715,605.0
408,12,9,1,110.0,150.0,200.0,390.0,535,305.0
409,12,9,1,110.0,150.0,200.0,385.0,530,305.0
410,12,9,1,110.0,160.0,200.0,380.0,535,305.0
411,12,9,1,110.0,155.0,200.0,390.0,540,305.0
412,12,9,1,110.0,150.0,200.0,390.0,535,305.0
413,12,9,1,110.0,150.0,200.0,380.0,525,305.0
414,12,9,1,110.0,150.0,200.0,395.0,540,305.0
415,12,9,1,110.0,150.0,200.0,410.0,555,305.0
416,12,9,1,110.0,150.0,200.0,415.0,560,305.0
417,12,9,1,110.0,150.0,200.0,420.0,565,305.0
418,12,9,1,110.0,140.0,200.0,430.0,565,305.0
419,12,9,1,110.0,150.0,200.0,405.0,550,305.0
420,12,9,1,110.0,140.0,200.0,430.0,565,305.0
421,12,9,1,110.0,155.0,200.0,410.0,560,305.0
422,12,16,1,200.0,15.0,745.0,985.0,995,940.0
423,12,16,1,200.0,20.0,745.0,980.0,995,940.0
424,12,16,1,200.0,25.0,745.0,975.0,995,940.0
425,12,16,1,200.0,15.0,745.0,985.0,995,940.0
426,12,16,1,200.0,20.0,745.0,980.0,995,940.0
427,12,16,1,200.0,20.0,745.0,980.0,995,940.0
428,12,16,1,200.0,15.0,745.0,985.0,995,940.0
429,12,2,1,150.0,75.0,500.0,795.0,865,645.0
430,12,2,1,150.0,80.0,500.0,785.0,860,645.0
431,12,2,1,150.0,95.0,500.0,775.0,865,645.0
432,12,2,1,150.0,75.0,500.0,795.0,865,645.0
433,12,2,1,150.0,75.0,500.0,795.0,865,645.0
434,12,2,1,150.0,85.0,500.0,780.0,860,645.0
435,12,2,1,150.0,75.0,500.0,795.0,865,645.0
436,12,2,1,150.0,55.0,500.0,835.0,885,645.0
437,12,17,1,150.0,240.0,75.0,230.0,465,220.0
438,12,17,1,150.0,240.0,75.0,225.0,460,220.0
439,12,17,1,150.0,270.0,75.0,200.0,465,220.0
440,12,17,1,150.0,245.0,75.0,230.0,470,220.0
441,12,17,1,150.0,240.0,75.0,230.0,465,220.0
442,12,17,1,150.0,270.0,75.0,225.0,490,220.0
443,12,17,1,150.0,245.0,75.0,230.0,470,220.0
444,12,17,1,150.0,225.0,75.0,265.0,485,220.0
445,12,17,1,150.0,230.0,75.0,265.0,490,220.0
446,12,17,1,150.0,235.0,75.0,265.0,495,220.0
447,12,17,1,150.0,240.0,75.0,255.0,490,220.0
448,12,17,1,150.0,220.0,75.0,265.0,480,220.0
449,12,17,1,150.0,235.0,75.0,265.0,495,220.0
450,12,17,1,150.0,275.0,75.0,215.0,485,220.0
451,12,15,1,145.0,10.0,745.0,990.0,995,885.0
452,12,15,1,145.0,10.0,745.0,990.0,995,885.0
453,12,15,1,145.0,20.0,745.0,980.0,995,885.0
454,12,15,1,145.0,10.0,745.0,990.0,995,885.0
455,12,15,1,145.0,10.0,745.0,990.0,995,885.0
456,12,15,1,145.0,15.0,745.0,985.0,995,885.0
457,12,15,1,145.0,10.0,745.0,990.0,995,885.0
458,12,20,1,820.0,770.0,75.0,230.0,995,890.0
459,12,20,1,820.0,775.0,75.0,225.0,995,890.0
460,12,20,1,820.0,800.0,75.0,200.0,995,890.0
461,12,20,1,820.0,770.0,75.0,230.0,995,890.0
462,12,20,1,820.0,770.0,75.0,230.0,995,890.0
463,12,20,1,820.0,775.0,75.0,225.0,995,890.0
464,12,20,1,820.0,770.0,75.0,230.0,995,890.0
465,12,20,1,820.0,735.0,75.0,265.0,995,890.0
466,12,20,1,820.0,735.0,75.0,265.0,995,890.0
467,12,20,1,820.0,735.0,75.0,265.0,995,890.0
468,12,20,1,820.0,745.0,75.0,255.0,995,890.0
469,12,20,1,820.0,735.0,75.0,265.0,995,890.0
470,12,20,1,820.0,740.0,75.0,260.0,995,890.0
471,12,20,1,820.0,785.0,75.0,215.0,995,890.0
472,12,20,1,820.0,570.0,75.0,415.0,980,890.0
473,12,20,1,820.0,560.0,75.0,415.0,970,890.0
474,12,20,1,820.0,570.0,75.0,415.0,980,890.0
475,12,20,1,820.0,565.0,75.0,415.0,975,890.0
476,12,20,1,820.0,630.0,75.0,350.0,975,890.0
477,12,20,1,820.0,585.0,75.0,400.0,980,890.0
478,12,20,1,820.0,560.0,75.0,415.0,970,890.0
479,12,4,1,405.0,230.0,500.0,770.0,995,900.0
480,12,4,1,405.0,230.0,500.0,770.0,995,900.0
481,12,4,1,405.0,240.0,500.0,760.0,995,900.0
482,12,4,1,405.0,230.0,500.0,770.0,995,900.0
483,12,4,1,405.0,230.0,500.0,770.0,995,900.0
484,12,4,1,405.0,235.0,500.0,765.0,995,900.0
485,12,4,1,405.0,230.0,500.0,770.0,995,900.0
486,12,4,1,405.0,190.0,500.0,810.0,995,900.0
487,12,4,1,405.0,190.0,500.0,810.0,995,900.0
488,12,4,1,405.0,185.0,500.0,815.0,995,900.0
489,12,4,1,405.0,190.0,500.0,810.0,995,900.0
490,12,4,1,405.0,190.0,500.0,810.0,995,900.0
491,12,4,1,405.0,190.0,500.0,810.0,995,900.0
492,12,4,1,405.0,210.0,500.0,790.0,995,900.0
493,13,18,1,440.0,95.0,50.0,530.0,620,485.0
494,13,18,1,440.0,75.0,50.0,550.0,620,485.0
495,13,18,1,440.0,115.0,50.0,510.0,620,485.0
496,13,18,1,440.0,100.0,50.0,525.0,620,485.0
497,13,18,1,440.0,85.0,50.0,540.0,620,485.0
498,13,18,1,440.0,75.0,50.0,545.0,615,485.0
499,13,18,1,440.0,115.0,50.0,515.0,625,485.0
500,13,18,1,440.0,200.0,50.0,475.0,670,485.0
501,13,18,1,440.0,415.0,50.0,245.0,655,485.0
502,13,18,1,440.0,230.0,50.0,440.0,665,485.0
503,13,18,1,440.0,270.0,50.0,400.0,665,485.0
504,13,18,1,440.0,155.0,50.0,525.0,675,485.0
505,13,18,1,440.0,180.0,50.0,500.0,675,485.0
506,13,18,1,440.0,320.0,50.0,345.0,660,485.0
507,13,10,0,260.0,10.0,270.0,695.0,700,525.0
508,13,12,1,575.0,225.0,270.0,775.0,995,840.0
509,13,12,1,575.0,240.0,270.0,760.0,995,840.0
510,13,12,1,575.0,210.0,270.0,790.0,995,840.0
511,13,12,1,575.0,215.0,270.0,785.0,995,840.0
512,13,12,1,575.0,225.0,270.0,775.0,995,840.0
513,13,12,1,575.0,260.0,270.0,740.0,995,840.0
514,13,12,1,575.0,210.0,270.0,790.0,995,840.0
515,13,12,1,575.0,290.0,270.0,710.0,995,840.0
516,13,12,1,575.0,345.0,270.0,655.0,995,840.0
517,13,12,1,575.0,295.0,270.0,705.0,995,840.0
518,13,12,1,575.0,305.0,270.0,695.0,995,840.0
519,13,12,1,575.0,295.0,270.0,705.0,995,840.0
520,13,12,1,575.0,290.0,270.0,710.0,995,840.0
521,13,12,1,575.0,320.0,270.0,680.0,995,840.0
522,13,3,1,580.0,135.0,60.0,625.0,755,635.0
523,13,3,1,580.0,120.0,60.0,640.0,755,635.0
524,13,3,1,580.0,195.0,60.0,565.0,755,635.0
525,13,3,1,580.0,150.0,60.0,610.0,755,635.0
526,13,3,1,580.0,130.0,60.0,630.0,755,635.0
527,13,3,1,580.0,115.0,60.0,645.0,755,635.0
528,13,3,1,580.0,170.0,60.0,590.0,755,635.0
529,13,3,1,580.0,305.0,60.0,505.0,805,635.0
530,13,3,1,580.0,515.0,60.0,285.0,795,635.0
531,13,3,1,580.0,335.0,60.0,475.0,805,635.0
532,13,3,1,580.0,365.0,60.0,440.0,800,635.0
533,13,3,1,580.0,265.0,60.0,550.0,810,635.0
534,13,3,1,580.0,285.0,60.0,525.0,805,635.0
535,13,3,1,580.0,405.0,60.0,395.0,795,635.0
536,13,11,1,380.0,40.0,270.0,745.0,780,645.0
537,13,11,1,380.0,135.0,270.0,710.0,840,645.0
538,13,11,1,380.0,185.0,270.0,650.0,830,645.0
539,13,11,1,380.0,140.0,270.0,705.0,840,645.0
540,13,11,1,380.0,145.0,270.0,695.0,835,645.0
541,13,11,1,380.0,140.0,270.0,705.0,840,645.0
542,13,11,1,380.0,135.0,270.0,710.0,840,645.0
543,13,11,1,380.0,160.0,270.0,680.0,835,645.0
544,13,19,1,495.0,155.0,50.0,530.0,680,540.0
545,13,19,1,495.0,130.0,50.0,550.0,675,540.0
546,13,19,1,495.0,175.0,50.0,510.0,680,540.0
547,13,19,1,495.0,160.0,50.0,525.0,680,540.0
548,13,19,1,495.0,145.0,50.0,540.0,680,540.0
549,13,19,1,495.0,135.0,50.0,545.0,675,540.0
550,13,19,1,495.0,170.0,50.0,515.0,680,540.0
551,13,19,1,495.0,255.0,50.0,475.0,725,540.0
552,13,19,1,495.0,470.0,50.0,245.0,710,540.0
553,13,19,1,495.0,285.0,50.0,440.0,720,540.0
554,13,19,1,495.0,320.0,50.0,400.0,715,540.0
555,13,19,1,495.0,205.0,50.0,525.0,725,540.0
556,13,19,1,495.0,230.0,50.0,500.0,725,540.0
557,13,19,1,495.0,375.0,50.0,345.0,715,540.0
558,13,2,0,345.0,70.0,60.0,515.0,580,400.0
559,13,2,0,345.0,275.0,60.0,285.0,555,400.0
560,13,2,0,345.0,100.0,60.0,480.0,575,400.0
561,13,2,0,345.0,135.0,60.0,440.0,570,400.0
562,13,2,0,345.0,40.0,60.0,550.0,585,400.0
563,13,2,0,345.0,175.0,60.0,395.0,565,400.0
564,13,20,1,725.0,390.0,50.0,530.0,915,770.0
565,13,20,1,725.0,370.0,50.0,550.0,915,770.0
566,13,20,1,725.0,410.0,50.0,510.0,915,770.0
567,13,20,1,725.0,395.0,50.0,525.0,915,770.0
568,13,20,1,725.0,380.0,50.0,540.0,915,770.0
569,13,20,1,725.0,375.0,50.0,545.0,915,770.0
570,13,20,1,725.0,405.0,50.0,515.0,915,770.0
571,13,20,1,725.0,185.0,50.0,725.0,905,770.0
572,13,20,1,725.0,180.0,50.0,735.0,910,770.0
573,13,20,1,725.0,170.0,50.0,745.0,910,770.0
574,13,20,1,725.0,145.0,50.0,770.0,910,770.0
575,13,20,1,725.0,220.0,50.0,690.0,905,770.0
576,13,20,1,725.0,155.0,50.0,760.0,910,770.0
577,13,20,1,725.0,140.0,50.0,775.0,910,770.0
578,13,20,1,725.0,475.0,50.0,475.0,945,770.0
579,13,20,1,725.0,695.0,50.0,245.0,935,770.0
580,13,20,1,725.0,505.0,50.0,440.0,940,770.0
581,13,20,1,725.0,545.0,50.0,400.0,940,770.0
582,13,20,1,725.0,425.0,50.0,525.0,945,770.0
583,13,20,1,725.0,450.0,50.0,500.0,945,770.0
584,13,20,1,725.0,595.0,50.0,345.0,935,770.0
585,13,4,1,775.0,330.0,60.0,625.0,950,830.0
586,13,4,1,775.0,315.0,60.0,640.0,950,830.0
587,13,4,1,775.0,385.0,60.0,565.0,945,830.0
588,13,4,1,775.0,345.0,60.0,610.0,950,830.0
589,13,4,1,775.0,325.0,60.0,630.0,950,830.0
590,13,4,1,775.0,310.0,60.0,645.0,950,830.0
591,13,4,1,775.0,360.0,60.0,590.0,945,830.0
592,13,4,1,775.0,495.0,60.0,505.0,995,830.0
593,13,4,1,775.0,700.0,60.0,285.0,980,830.0
594,13,4,1,775.0,525.0,60.0,475.0,995,830.0
595,13,4,1,775.0,560.0,60.0,440.0,995,830.0
596,13,4,1,775.0,450.0,60.0,550.0,995,830.0
597,13,4,1,775.0,475.0,60.0,525.0,995,830.0
598,13,4,1,775.0,605.0,60.0,395.0,995,830.0
599,11,12,1,645.0,145.0,295.0,855.0,995,935.0
600,11,12,1,645.0,230.0,295.0,770.0,995,935.0
601,11,12,1,645.0,155.0,295.0,845.0,995,935.0
602,11,12,1,645.0,175.0,295.0,825.0,995,935.0
603,11,12,1,645.0,155.0,295.0,845.0,995,935.0
604,11,12,1,645.0,150.0,295.0,850.0,995,935.0
605,11,12,1,645.0,195.0,295.0,805.0,995,935.0
606,11,11,0,485.0,90.0,295.0,855.0,940,775.0
607,11,11,0,485.0,160.0,295.0,775.0,930,775.0
608,11,11,0,485.0,100.0,295.0,845.0,940,775.0
609,11,11,0,485.0,115.0,295.0,825.0,935,775.0
610,11,11,0,485.0,95.0,295.0,845.0,935,775.0
611,11,11,0,485.0,90.0,295.0,855.0,940,775.0
612,11,11,0,485.0,135.0,295.0,805.0,935,775.0
